{
	"WindCourse": 0,
	"WindSpeed": 0,
	"RouteCourse": 40.30223588076678,
	"BaseElevation": 0,
	"AirPressure": 1013.25,
	"MeanElevation": 492.92944634982854,
	"Temperature": 11.795958598726115,
	"Rho": 1.1681064836509136,
	"RhoBase": 1.224978558652761,
	"Segments": 2040,
	"TrkpErrors": 0,
	"TrkpRejected": 1,
	"DistTotal": 69.26296465915763,
	"DistDirect": 46.41584751145378,
	"DistBrake": 3.893706180131562,
	"DistFreewheel": 19.964844617819363,
	"DistUphill": 11.097225365991314,
	"DistDownhill": 11.638712546489556,
	"DistFlat": 14.037736547868112,
	"DistMedian": 19.547599062032006,
	"DistMean": 33.95243365644982,
	"DistMax": 1700.0538925639726,
	"DistMin": 3.407143126266244,
	"EleUp": 1190.6862487475164,
	"EleUpKinetic": 68.42854185032733,
	"EleDown": 1205.733907633315,
	"EleUpGPX": 1821,
	"EleDownGPX": 1836,
	"EleMax": 737.9002782848132,
	"EleMin": 333.61605644195134,
	"EleLevelled": 0,
	"EleAveraged": 0,
	"EleMean": 492.92944634982854,
	"EleMissing": 0,
	"LatMean": 38.09686041352285,
	"Gravity": 9.799036312185697,
	"Filtered": 630.3137512524836,
	"Filterable": 1431.7157781571382,
	"FilteredPros": 44.02506145904215,
	"Ipolations": 833,
	"Levelations": 0,
	"FilterRounds": 0,
	"MinGrade": -23.015139453743018,
	"MaxGrade": 19.29928997624981,
	"GradeSignChange": 6.617647058823529,
	"Time": 4.597144131451815,
	"TimeRider": 3.7884124623408946,
	"TimeBraking": 0.12355059919781466,
	"TimeFreewheel": 0.6851810699131106,
	"TimeUHBreaks": 0,
	"TimeFullPower": 1.307080012248189,
	"TimeOverFlatPower": 3.2479722857344693,
	"TimeTargetSpeeds": 4.65502019770876,
	"TimeDownhill": 0.3754197071992325,
	"VelAvg": 15.066520143514367,
	"VelMax": 37.472026219820116,
	"VelMin": 2.803059426126046,
	"VelDownhill": 31.001868903789262,
	"VelDownVert": 2240.0712795268337,
	"VerticalDownEle": 840.9669038653741,
	"DownhillMaxSpeed": 36.613293855757846,
	"MaxGradeUp": 0,
	"DownhillPowerSpeed": 23.500000000000018,
	"JriderTotal": 461.84792583786003,
	"FoodRider": 1655.7645524779878,
	"BananaRider": 15.126023771982316,
	"FatRider": 192.9189330985213,
	"JfromTargetPower": 458.5375048293984,
	"JriderFullPower": 180.6038909400159,
	"JriderGravUp": 303.32572808739076,
	"JriderDrag": 61.89772890747513,
	"JriderRoll": 73.91497763815276,
	"JriderAcce": 19.10459486023024,
	"JlossDT": 23.092396291893003,
	"PowerRiderAvg": 103.23868775918048,
	"EnergySumRider": -0.3829050870515251,
	"JkineticDece": 77.89015072657413,
	"JkineticAcce": -78.28306455035433,
	"JdragRider": -78.81909225778871,
	"JdragBrake": -31.292453597701073,
	"JdragFreewheel": -136.02348937547941,
	"JdragResistance": -246.13503523096966,
	"JdragPush": 0,
	"Jroll": -125.23998773872847,
	"JgravUp": -307.8944138472846,
	"JgravDown": 311.78552295960543,
	"Jbraking": -70.8839802367669,
	"EnergySumTotal": -0.005278371956859094,
	"SegEnergyMeanAbs": 1.632429569188725,
	"SegEnergyMean": -0.00931477403992669,
	"SolverRoundsAvg": 1.7135785007072135,
	"VelErrorMean": 0,
	"VelErrorAbsMean": 0,
	"VelErrorPos": 0,
	"VelErrorMax": 0,
	"MaxIter": 4,
	"SolverCalls": 1414,
	"FreewheelCalls": 626,
	"PowerFromVelCalls": 1570,
	"CalcSteps": 3945,
	"CalcSegs": 2040,
	"CalcStepsAvg": 1.9338235294117647,
	"SingleStepPros": 42.450980392156865
}