{
	"WindCourse": 40,
	"WindSpeed": 5,
	"RouteCourse": 40.30944495460223,
	"BaseElevation": 0,
	"AirPressure": 1013.25,
	"MeanElevation": 492.6280009799118,
	"Temperature": 21.797917993630573,
	"Rho": 1.1307711800520288,
	"Segments": 2040,
	"TrkpErrors": 0,
	"TrkpRejected": 1,
	"DistTotal": 69.2848389839108,
	"DistDirect": 46.42065459315499,
	"DistBrake": 0.8380773887577497,
	"DistHeavyBrake": 1.119246797035831,
	"DistFreewheel": 16.91954217863098,
	"DistUphill": 13.329556888315338,
	"DistDownhill": 14.49834740365359,
	"DistFlat": 15.948677212869509,
	"DistMedian": 20.76898282266727,
	"DistMean": 33.963156364662154,
	"DistMax": 1700.225708745591,
	"DistMin": 3.4075994340473397,
	"EleUp": 1315.0632914585635,
	"EleUpKinetic": 90.86410004660644,
	"EleDown": 1330.0632914585626,
	"EleUpGPX": 1821,
	"EleDownGPX": 1836,
	"EleLevelled": 56.572533059390764,
	"EleMean": 492.6280009799118,
	"EleMissing": 0,
	"LatMean": 38.07827023370903,
	"Gravity": 9.799020589153915,
	"Filtered": 505.9367085414365,
	"Filterable": 1821,
	"FilteredPros": 27.78345461512556,
	"Ipolations": 2972,
	"Levelations": 189,
	"FilterRounds": 2,
	"MinGrade": -18.46562925056548,
	"MaxGrade": 19.964178138864806,
	"GradeSignChange": 0.9313725490196079,
	"Time": 5.685721521536436,
	"TimeRider": 5.04753205935522,
	"TimeBraking": 0.05941733974655773,
	"TimeUHBreaks": 0,
	"TimeFullPower": 1.6289561235663317,
	"TimeOverFlatPower": 4.41209509688372,
	"TimeTargetSpeeds": 5.776236581546776,
	"VelAvg": 12.18576019269902,
	"VelMax": 42.82779550661422,
	"VelMin": 3,
	"VelDownhill": 28.24903392637267,
	"VelDownVert": 2032.3181191298877,
	"TimeDownhill": 0.5132333884918541,
	"VerticalDownEle": 1043.0535147744238,
	"DownhillMaxSpeed": 40.610411035630776,
	"MaxGradeUp": 17.94105090648975,
	"DownhillPowerSpeed": 23.50000000000002,
	"JriderTotal": 587.7439143281565,
	"FoodRider": 2107.1125035665264,
	"BananaRider": 19.249254836074993,
	"FatRider": 245.5070652999818,
	"JfromTargetPower": 588.6406390305195,
	"JriderFullPower": 226.94838990502905,
	"JriderGravUp": 328.90785449395554,
	"JriderDrag": 153.39328949619463,
	"JriderRoll": 76.15699152320819,
	"JriderAcce": 21.414446768920254,
	"JlossDT": 29.38719571640782,
	"PowerRiderAvg": 104.46358663480214,
	"EnergySumRider": -0.10141690160962753,
	"JkineticDece": 93.36334455866591,
	"JkineticAcce": -93.908190084346,
	"JdragRes": -251.34830264809614,
	"JdragBrake": -21.769045441330967,
	"JdragFW": -127.74981355713783,
	"JdragPush": 0.07190011655450232,
	"Jroll": -125.25421594520333,
	"JgravUp": -340.0559904330796,
	"JgravDown": 343.93476941628654,
	"Jbraking": -35.599892729625864,
	"EnergySumTotal": 0.04128186443587765,
	"SegEnergyMeanAbs": 0.6460438334246364,
	"SegEnergyMean": 0.0728503490059475,
	"SolverRoundsAvg": 3.3124156545209176,
	"VelErrorMean": 0,
	"VelErrorAbsMean": 0,
	"VelErrorPos": 0,
	"VelErrorMax": 0,
	"MaxIter": 14,
	"SolverCalls": 1482,
	"FreewheelCalls": 611,
	"PowerFromVelCalls": 3145,
	"CalcSteps": 10774,
	"CalcSegs": 1972,
	"CalcStepsAvg": 5.463488843813387,
	"SingleStepPros": 8.21501014198783
}