{
	"WindCourse": 40,
	"WindSpeed": 0,
	"RouteCourse": 250.78084211471935,
	"BaseElevation": 0,
	"AirPressure": 1013.25,
	"MeanElevation": 84.38027777777778,
	"Temperature": 24.451528194444446,
	"Rho": 1.174660030869109,
	"Segments": 899,
	"TrkpErrors": 0,
	"TrkpRejected": 4,
	"DistTotal": 79.67210060884172,
	"DistDirect": 67.33789280895797,
	"DistBrake": 0.15216445485735525,
	"DistHeavyBrake": 0.1542336699312378,
	"DistFreewheel": 9.423770326630382,
	"DistUphill": 3.0524360309628493,
	"DistDownhill": 3.0978377365946503,
	"DistFlat": 53.2506155072479,
	"DistMedian": 54.12517503174255,
	"DistMean": 88.62302626122549,
	"DistMax": 873.2417556164703,
	"DistMin": 3.0383848339979416,
	"EleUp": 426.7756782714278,
	"EleUpKinetic": 56.0370218066555,
	"EleDown": 511.2756782714279,
	"EleUpGPX": 519.75,
	"EleDownGPX": 604.25,
	"EleLevelled": 79.29975119219841,
	"EleMean": 84.38027777777778,
	"EleMissing": 0,
	"LatMean": 37.712524157777736,
	"Gravity": 9.79951080202782,
	"Filtered": 92.97432172857219,
	"Filterable": 519.75,
	"FilteredPros": 17.88827738885468,
	"Ipolations": 44,
	"Levelations": 135,
	"FilterRounds": 2,
	"MinGrade": -11.822822879579103,
	"MaxGrade": 11.15647292514109,
	"GradeSignChange": 1.0011123470522802,
	"Time": 4.270926782750901,
	"TimeRider": 3.951515260609268,
	"TimeBraking": 0.007672848679705042,
	"TimeUHBreaks": 0,
	"TimeFullPower": 0.24936722469964726,
	"TimeOverFlatPower": 2.0190651101965296,
	"TimeTargetSpeeds": 4.28502936117908,
	"VelAvg": 18.65452269765322,
	"VelMax": 53.3867425736473,
	"VelMin": 4.656064192324312,
	"VelDownhill": 34.49630263236806,
	"VelDownVert": 2182.1298516673237,
	"TimeDownhill": 0.08980202225173933,
	"VerticalDownEle": 195.95967349561366,
	"DownhillMaxSpeed": 44.8768125489917,
	"MaxGradeUp": 17.939710996579528,
	"DownhillPowerSpeed": 23.500000436608236,
	"JriderTotal": 365.0413789375033,
	"FoodRider": 1308.704752405007,
	"BananaRider": 11.955503676992466,
	"FatRider": 152.48177900480502,
	"JfromTargetPower": 358.2829776655268,
	"JriderFullPower": 34.480631483144236,
	"JriderGravUp": 102.29728778195616,
	"JriderDrag": 134.34835461832566,
	"JriderRoll": 110.18572248593031,
	"JriderAcce": 22.463959274664173,
	"JlossDT": 18.252068946875163,
	"PowerRiderAvg": 85.62506118159068,
	"EnergySumRider": -0.04205489558394119,
	"JkineticDece": 50.46582650246795,
	"JkineticAcce": -51.499436256420175,
	"JdragRes": -214.64679021469243,
	"JdragBrake": -3.7249037382110965,
	"JdragPush": 0,
	"Jroll": -144.18806531865897,
	"JgravUp": -110.36342293890137,
	"JgravDown": 132.21497098425672,
	"Jbraking": -5.0633068028093655,
	"EnergySumTotal": -0.015817792340595688,
	"SegEnergyMeanAbs": 1.4008587257517444,
	"SegEnergyMean": -0.0633415488589723,
	"SolverRoundsAvg": 1.8644501278772379,
	"VelErrorMean": 0,
	"VelErrorAbsMean": 0,
	"VelErrorPos": 0,
	"VelErrorMax": 0,
	"MaxIter": 3,
	"SolverCalls": 782,
	"FreewheelCalls": 117,
	"PowerFromVelCalls": 1358,
	"CalcSteps": 2180,
	"CalcSegs": 856,
	"CalcStepsAvg": 2.546728971962617,
	"SingleStepPros": 32.59345794392524
}