{
	"WindCourse": 40,
	"WindSpeed": 0,
	"RouteCourse": -1,
	"BaseElevation": 0,
	"AirPressure": 1013.25,
	"MeanElevation": 236.23066898349262,
	"Temperature": 23.4645006516073,
	"Rho": 1.1581882478314063,
	"Segments": 4603,
	"TrkpErrors": 0,
	"TrkpRejected": 383,
	"DistTotal": 116.03806467398628,
	"DistDirect": 0,
	"DistBrake": 1.4245328899023681,
	"DistHeavyBrake": 4.164390275560549,
	"DistFreewheel": 41.98520077069531,
	"DistUphill": 24.231691431326063,
	"DistDownhill": 24.361321377135603,
	"DistFlat": 26.586586596688704,
	"DistMedian": 17.212472617515225,
	"DistMean": 25.20922543427901,
	"DistMax": 397.65793598121553,
	"DistMin": 2.105617489643535,
	"EleUp": 2465.292839837442,
	"EleUpKinetic": 305.54408782164467,
	"EleDown": 2465.2928398374434,
	"EleUpGPX": 2978,
	"EleDownGPX": 2978,
	"EleLevelled": 77.17535785840859,
	"EleMean": 236.23066898349262,
	"EleMissing": 0,
	"LatMean": 36.60212195482193,
	"Gravity": 9.798242818384695,
	"Filtered": 512.707160162558,
	"Filterable": 1964,
	"FilteredPros": 17.21649295374607,
	"Ipolations": 10671,
	"Levelations": 217,
	"FilterRounds": 2,
	"MinGrade": -27.360664935549433,
	"MaxGrade": 32.048291409082715,
	"GradeSignChange": 1.0862480990658265,
	"Time": 8.093397107676346,
	"TimeRider": 6.576893705922006,
	"TimeBraking": 0.16392652906446117,
	"TimeUHBreaks": 0,
	"TimeFullPower": 3.0789240884444617,
	"TimeOverFlatPower": 5.526854897571857,
	"TimeTargetSpeeds": 8.32027357618274,
	"VelAvg": 14.337374421419115,
	"VelMax": 48.28899840137544,
	"VelMin": 3,
	"VelDownhill": 33.306724154513354,
	"VelDownVert": 2599.5578820108612,
	"TimeDownhill": 0.731423518690127,
	"VerticalDownEle": 1901.377773099038,
	"DownhillMaxSpeed": 44.874116589469516,
	"MaxGradeUp": 17.94220178627592,
	"DownhillPowerSpeed": 23.50000043664262,
	"JriderTotal": 818.7062407308003,
	"FoodRider": 2935.132316195508,
	"BananaRider": 26.813523168039314,
	"FatRider": 341.9825566962407,
	"JfromTargetPower": 856.9460072728467,
	"JriderFullPower": 440.24549365785697,
	"JriderGravUp": 599.5398119231502,
	"JriderDrag": 69.55766975770257,
	"JriderRoll": 108.75186484620068,
	"JriderAcce": 53.751379633281644,
	"JlossDT": 40.93531203654002,
	"PowerRiderAvg": 103.24853754285841,
	"EnergySumRider": -0.0784178327930729,
	"JkineticDece": 224.38999429441307,
	"JkineticAcce": -224.8228405851153,
	"JdragRes": -361.83218294525267,
	"JdragBrake": -62.862869009177295,
	"JdragPush": 0,
	"Jroll": -209.65862618462,
	"JgravUp": -637.4378047220808,
	"JgravDown": 637.4378047220788,
	"Jbraking": -142.28340708429786,
	"EnergySumTotal": 0.7009971802082793,
	"SegEnergyMeanAbs": 1.926705059399501,
	"SegEnergyMean": 0.5482489352061304,
	"SolverRoundsAvg": 1.722059302704464,
	"VelErrorMean": 0,
	"VelErrorAbsMean": 0,
	"VelErrorPos": 0,
	"VelErrorMax": 0,
	"MaxIter": 4,
	"SolverCalls": 3069,
	"FreewheelCalls": 1534,
	"PowerFromVelCalls": 7058,
	"CalcSteps": 8279,
	"CalcSegs": 4173,
	"CalcStepsAvg": 1.9839444045051522,
	"SingleStepPros": 51.21016055595496
}